{"4_5":-0.19,"7_4":0.1,"1_1":0.6125795110000001,"4_1":-0.9308018129663823,"4_8":-0.1,"4_3":-0.995361602313412,"4_4":-0.19810000000000003,"4_7":-0.19810000000000003,"4_0":-0.8931951561769622}