{"4_4":-0.19810000000000003,"1_1":0.4429946022318624,"4_8":-0.1,"7_4":0.1,"4_5":-0.19,"4_3":-0.995361602313412,"4_0":-0.8931951561769622,"4_7":-0.19810000000000003,"4_1":-0.9308018129663823}